{
  "teams": [
    "Atlas",
    "Atletico de San Luis",
    "CF America",
    "Chivas",
    "Cruz Azul",
    "FC Juarez",
    "Leon",
    "Mazatlan FC",
    "Monterrey",
    "Necaxa",
    "Pachuca",
    "Puebla",
    "Pumas",
    "Queretaro FC",
    "Santos Laguna",
    "Tigres",
    "Tijuana",
    "Toluca"
  ],
  "att": {
    "Atlas": -0.14207476464797628,
    "Atletico de San Luis": -0.1945542669412976,
    "CF America": -0.08786366616947688,
    "Chivas": -0.09337582507358497,
    "Cruz Azul": 0.046880677497521145,
    "FC Juarez": 0.08879844008314695,
    "Leon": 0.1052634473178101,
    "Mazatlan FC": 0.06588970334005313,
    "Monterrey": 0.09141736227244476,
    "Necaxa": 0.03758707514579827,
    "Pachuca": -0.0563705667676911,
    "Puebla": 0.12442154400701763,
    "Pumas": 0.004541659432077475,
    "Queretaro FC": 0.17045161819266857,
    "Santos Laguna": -0.09196518449759221,
    "Tigres": 0.03953166232353923,
    "Tijuana": -0.11225598428267204,
    "Toluca": 0.0036770687682138883
  },
  "def": {
    "Atlas": -0.10166574682952385,
    "Atletico de San Luis": -0.2318785770222202,
    "CF America": -0.07317273450385708,
    "Chivas": -0.33112293538362875,
    "Cruz Azul": -0.0805606293917188,
    "FC Juarez": 0.08226970702069099,
    "Leon": 0.15069150068823733,
    "Mazatlan FC": 0.1789516152787223,
    "Monterrey": 0.11352187692281895,
    "Necaxa": 0.17061810148249026,
    "Pachuca": -0.018619030335344396,
    "Puebla": 0.2466811478090528,
    "Pumas": 0.14589462081254487,
    "Queretaro FC": 0.21741281248801136,
    "Santos Laguna": -0.11339788415026178,
    "Tigres": -0.12127390991233923,
    "Tijuana": -0.07794126649281828,
    "Toluca": -0.15640866848085638
  },
  "home_adv": 0.10403456186922783,
  "mu": 1.4714854334369314,
  "mu_local": 4.893465909090909,
  "mu_visita": 4.421875,
  "n_partidos": 704,
  "torneos": [
    "Liga MX Clausura 2026",
    "Liga MX Clausura 2024",
    "Liga MX Apertura 2024",
    "Liga MX Clausura 2025",
    "Liga MX Apertura 2025"
  ],
  "epsilon": 0.003,
  "converged": true
}