{
  "teams": [
    "Atlas",
    "Atletico de San Luis",
    "CF America",
    "Chivas",
    "Cruz Azul",
    "FC Juarez",
    "Leon",
    "Mazatlan FC",
    "Monterrey",
    "Necaxa",
    "Pachuca",
    "Puebla",
    "Pumas",
    "Queretaro FC",
    "Santos Laguna",
    "Tigres",
    "Tijuana",
    "Toluca"
  ],
  "att": {
    "Atlas": -0.1583678981990749,
    "Atletico de San Luis": -0.20759575666720356,
    "CF America": -0.013313162361289987,
    "Chivas": -0.010037536061557112,
    "Cruz Azul": 0.0783978424865121,
    "FC Juarez": 0.07838277027017139,
    "Leon": 0.10513038728830477,
    "Mazatlan FC": 0.0439037776679266,
    "Monterrey": 0.08924168919841735,
    "Necaxa": 0.03740284314380501,
    "Pachuca": -0.05240589038940417,
    "Puebla": 0.09273515117789677,
    "Pumas": -0.05881396337092681,
    "Queretaro FC": 0.19288500417703147,
    "Santos Laguna": -0.11511186923550136,
    "Tigres": 0.016502913480570727,
    "Tijuana": -0.1254242839556943,
    "Toluca": 0.0064879813500161275
  },
  "def": {
    "Atlas": -0.09095681556345783,
    "Atletico de San Luis": -0.24285487895808547,
    "CF America": -0.11818078114234458,
    "Chivas": -0.3106517743588161,
    "Cruz Azul": -0.07510765532418988,
    "FC Juarez": 0.07164795528710173,
    "Leon": 0.12681751327907656,
    "Mazatlan FC": 0.16023086016668706,
    "Monterrey": 0.09238731040198542,
    "Necaxa": 0.15094642303107744,
    "Pachuca": -0.02741021499311507,
    "Puebla": 0.26851634870613317,
    "Pumas": 0.22497655178165069,
    "Queretaro FC": 0.18914511468161935,
    "Santos Laguna": -0.1122013347084993,
    "Tigres": -0.09044693496899256,
    "Tijuana": -0.05541342356913878,
    "Toluca": -0.16144426374869192
  },
  "home_adv": 0.10991626582944394,
  "mu": 1.477094467239321,
  "mu_local": 4.916093535075653,
  "mu_visita": 4.426409903713893,
  "n_partidos": 727,
  "torneos": [
    "Liga MX Clausura 2026",
    "Liga MX Clausura 2024",
    "Liga MX Apertura 2024",
    "Liga MX Clausura 2025",
    "Liga MX Apertura 2025"
  ],
  "epsilon": 0.003,
  "converged": true,
  "mu_total": 9.6064,
  "_drift_corrected": "2026-07-14"
}