{
  "teams": [
    "Atlas",
    "Atletico de San Luis",
    "CF America",
    "Chivas",
    "Cruz Azul",
    "FC Juarez",
    "Leon",
    "Mazatlan FC",
    "Monterrey",
    "Necaxa",
    "Pachuca",
    "Puebla",
    "Pumas",
    "Queretaro FC",
    "Santos Laguna",
    "Tigres",
    "Tijuana",
    "Toluca"
  ],
  "att": {
    "Atlas": -0.15860798734246762,
    "Atletico de San Luis": -0.20793692934027166,
    "CF America": -0.013325936447378317,
    "Chivas": -0.01030134096906498,
    "Cruz Azul": 0.0782676588535413,
    "FC Juarez": 0.07817447893416062,
    "Leon": 0.10455974858788633,
    "Mazatlan FC": 0.044630370778241085,
    "Monterrey": 0.08904993629495536,
    "Necaxa": 0.037709536719491135,
    "Pachuca": -0.052096186037488994,
    "Puebla": 0.09297157065100851,
    "Pumas": -0.05827331120679946,
    "Queretaro FC": 0.19296887566141743,
    "Santos Laguna": -0.1149347049708715,
    "Tigres": 0.016096586540683855,
    "Tijuana": -0.12525306437472894,
    "Toluca": 0.006300697667685811
  },
  "def": {
    "Atlas": -0.09106804781141685,
    "Atletico de San Luis": -0.24270914627747794,
    "CF America": -0.11827865795577974,
    "Chivas": -0.31069175926950915,
    "Cruz Azul": -0.07459717232161653,
    "FC Juarez": 0.07166080154571908,
    "Leon": 0.12740099047171216,
    "Mazatlan FC": 0.15957146538066014,
    "Monterrey": 0.09272149094685277,
    "Necaxa": 0.1506568009026388,
    "Pachuca": -0.027870424160489175,
    "Puebla": 0.2683871678531249,
    "Pumas": 0.2244875891172465,
    "Queretaro FC": 0.18919137149779156,
    "Santos Laguna": -0.11244566523643089,
    "Tigres": -0.08976544961075728,
    "Tijuana": -0.055527789138349874,
    "Toluca": -0.1611235659339185
  },
  "home_adv": 0.11000873597474024,
  "mu": 1.4770263713801093,
  "mu_local": 4.916093535075653,
  "mu_visita": 4.426409903713893,
  "n_partidos": 727,
  "torneos": [
    "Liga MX Clausura 2026",
    "Liga MX Clausura 2024",
    "Liga MX Apertura 2024",
    "Liga MX Clausura 2025",
    "Liga MX Apertura 2025"
  ],
  "epsilon": 0.003,
  "converged": true
}