{
  "teams": [
    "Atlas",
    "Atletico de San Luis",
    "CF America",
    "Chivas",
    "Cruz Azul",
    "FC Juarez",
    "Leon",
    "Mazatlan FC",
    "Monterrey",
    "Necaxa",
    "Pachuca",
    "Puebla",
    "Pumas",
    "Queretaro FC",
    "Santos Laguna",
    "Tigres",
    "Tijuana",
    "Toluca"
  ],
  "att": {
    "Atlas": -0.1589301817342362,
    "Atletico de San Luis": -0.2526853907272288,
    "CF America": -0.0873169976828348,
    "Chivas": -0.11097659290794462,
    "Cruz Azul": 0.04510900484768772,
    "FC Juarez": 0.1082390607046005,
    "Leon": 0.09919955235105837,
    "Mazatlan FC": 0.07451369035042298,
    "Monterrey": 0.1061614084598635,
    "Necaxa": 0.09636300004840516,
    "Pachuca": -0.037864226538778904,
    "Puebla": 0.1682974923816171,
    "Pumas": 0.027722130241825318,
    "Queretaro FC": 0.18027579734460178,
    "Santos Laguna": -0.12178862534077875,
    "Tigres": -0.013520873047936236,
    "Tijuana": -0.09704376785581204,
    "Toluca": -0.025754480894531986
  },
  "def": {
    "Atlas": -0.11461733580892627,
    "Atletico de San Luis": -0.237447808945655,
    "CF America": -0.11248309291611926,
    "Chivas": -0.2628445165205377,
    "Cruz Azul": -0.031415468880426886,
    "FC Juarez": 0.1037214118820873,
    "Leon": 0.14431993581478542,
    "Mazatlan FC": 0.1393181183236878,
    "Monterrey": 0.13319234005665376,
    "Necaxa": 0.12383005229053273,
    "Pachuca": -0.04031438512828333,
    "Puebla": 0.2538901123132741,
    "Pumas": 0.15625774023136105,
    "Queretaro FC": 0.2108149724384711,
    "Santos Laguna": -0.15354030658364445,
    "Tigres": -0.09640305272122524,
    "Tijuana": -0.062331074601147986,
    "Toluca": -0.1539476412448872
  },
  "home_adv": 0.10369319370380235,
  "mu": 1.4689596564480774,
  "mu_local": 4.892128279883382,
  "mu_visita": 4.41399416909621,
  "n_partidos": 686,
  "torneos": [
    "Liga MX Clausura 2026",
    "Liga MX Clausura 2024",
    "Liga MX Apertura 2024",
    "Liga MX Clausura 2025",
    "Liga MX Apertura 2025"
  ],
  "epsilon": 0.003,
  "converged": true
}