{
  "teams": [
    "Atlas",
    "Atletico de San Luis",
    "CF America",
    "Chivas",
    "Cruz Azul",
    "FC Juarez",
    "Leon",
    "Mazatlan FC",
    "Monterrey",
    "Necaxa",
    "Pachuca",
    "Puebla",
    "Pumas",
    "Queretaro FC",
    "Santos Laguna",
    "Tigres",
    "Tijuana",
    "Toluca"
  ],
  "att": {
    "Atlas": -0.15706702353264018,
    "Atletico de San Luis": -0.2062861404689883,
    "CF America": -0.013697245434896043,
    "Chivas": -0.00903008223149841,
    "Cruz Azul": 0.07872796293681013,
    "FC Juarez": 0.07934693831983401,
    "Leon": 0.10779881328168536,
    "Mazatlan FC": 0.040487065242686845,
    "Monterrey": 0.09037606585629089,
    "Necaxa": 0.03595724579508405,
    "Pachuca": -0.05364563353858415,
    "Puebla": 0.09241434547736484,
    "Pumas": -0.06041695906252939,
    "Queretaro FC": 0.19241093820314265,
    "Santos Laguna": -0.1157698278560198,
    "Tigres": 0.017863063287437756,
    "Tijuana": -0.12655358417987866,
    "Toluca": 0.007084057904698447
  },
  "def": {
    "Atlas": -0.09040442281446737,
    "Atletico de San Luis": -0.24272109333457545,
    "CF America": -0.11784876840402862,
    "Chivas": -0.30999054786845126,
    "Cruz Azul": -0.07701667293637773,
    "FC Juarez": 0.07165940306855796,
    "Leon": 0.12398889066717582,
    "Mazatlan FC": 0.16340410396575017,
    "Monterrey": 0.09081967755149267,
    "Necaxa": 0.15161745857101952,
    "Pachuca": -0.025693480795071656,
    "Puebla": 0.26852803042435897,
    "Pumas": 0.22662957568339842,
    "Queretaro FC": 0.18900001688438922,
    "Santos Laguna": -0.11157450499627904,
    "Tigres": -0.0933991844294209,
    "Tijuana": -0.05497688162755119,
    "Toluca": -0.16202159960991958
  },
  "home_adv": 0.10946211692684085,
  "mu": 1.4775146958885335,
  "mu_local": 4.916093535075653,
  "mu_visita": 4.426409903713893,
  "n_partidos": 727,
  "torneos": [
    "Liga MX Clausura 2026",
    "Liga MX Clausura 2024",
    "Liga MX Apertura 2024",
    "Liga MX Clausura 2025",
    "Liga MX Apertura 2025"
  ],
  "epsilon": 0.003,
  "converged": true,
  "mu_total": 9.6064,
  "_drift_corrected": "2026-06-10"
}