{
  "teams": [
    "Atlas",
    "Atletico de San Luis",
    "CF America",
    "Chivas",
    "Cruz Azul",
    "FC Juarez",
    "Leon",
    "Mazatlan FC",
    "Monterrey",
    "Necaxa",
    "Pachuca",
    "Puebla",
    "Pumas",
    "Queretaro FC",
    "Santos Laguna",
    "Tigres",
    "Tijuana",
    "Toluca"
  ],
  "att": {
    "Atlas": -0.16848872631715214,
    "Atletico de San Luis": -0.19401394791106702,
    "CF America": -0.08054437328758493,
    "Chivas": -0.0611592848534169,
    "Cruz Azul": 0.04055391201580667,
    "FC Juarez": 0.08616566471641256,
    "Leon": 0.1206579219419836,
    "Mazatlan FC": 0.0464847262495047,
    "Monterrey": 0.10105299059245511,
    "Necaxa": 0.04150734044482585,
    "Pachuca": -0.03623442141725422,
    "Puebla": 0.10154528387705733,
    "Pumas": 0.0035315727291917102,
    "Queretaro FC": 0.2009402209273006,
    "Santos Laguna": -0.10645487539529637,
    "Tigres": 0.03870311074594045,
    "Tijuana": -0.1168548222550937,
    "Toluca": -0.017392292803613332
  },
  "def": {
    "Atlas": -0.09037517664260108,
    "Atletico de San Luis": -0.23438505349682362,
    "CF America": -0.08564606255892501,
    "Chivas": -0.3337174288138638,
    "Cruz Azul": -0.08839760756533756,
    "FC Juarez": 0.08321099073364982,
    "Leon": 0.12932999923744887,
    "Mazatlan FC": 0.17486505360421922,
    "Monterrey": 0.10318343255285256,
    "Necaxa": 0.1583478613412504,
    "Pachuca": -0.020068891407836607,
    "Puebla": 0.2761370184354997,
    "Pumas": 0.1609811343720817,
    "Queretaro FC": 0.19688728600346062,
    "Santos Laguna": -0.10223522589065354,
    "Tigres": -0.13996576621560244,
    "Tijuana": -0.0490166125197941,
    "Toluca": -0.13913495116902508
  },
  "home_adv": 0.09515592892854983,
  "mu": 1.4765022706003301,
  "mu_local": 4.886713286713286,
  "mu_visita": 4.426573426573427,
  "n_partidos": 715,
  "torneos": [
    "Liga MX Clausura 2026",
    "Liga MX Clausura 2024",
    "Liga MX Apertura 2024",
    "Liga MX Clausura 2025",
    "Liga MX Apertura 2025"
  ],
  "epsilon": 0.003,
  "converged": true
}