{
  "teams": [
    "Atlas",
    "Atletico de San Luis",
    "CF America",
    "Chivas",
    "Cruz Azul",
    "FC Juarez",
    "Leon",
    "Mazatlan FC",
    "Monterrey",
    "Necaxa",
    "Pachuca",
    "Puebla",
    "Pumas",
    "Queretaro FC",
    "Santos Laguna",
    "Tigres",
    "Tijuana",
    "Toluca"
  ],
  "att": {
    "Atlas": -0.15731143790948948,
    "Atletico de San Luis": -0.20660319772697838,
    "CF America": -0.013526646167890094,
    "Chivas": -0.0092973677305912,
    "Cruz Azul": 0.07871388234284044,
    "FC Juarez": 0.0791851524983865,
    "Leon": 0.10733435883464156,
    "Mazatlan FC": 0.04109854719414405,
    "Monterrey": 0.09015623383395627,
    "Necaxa": 0.036268400573432016,
    "Pachuca": -0.05349117730970855,
    "Puebla": 0.09254225605745466,
    "Pumas": -0.06013935796541005,
    "Queretaro FC": 0.19245047217742717,
    "Santos Laguna": -0.1156820426385823,
    "Tigres": 0.017634261248207782,
    "Tijuana": -0.12636182343780583,
    "Toluca": 0.007029486125965447
  },
  "def": {
    "Atlas": -0.09058715403573563,
    "Atletico de San Luis": -0.2427801951069227,
    "CF America": -0.11790913346865242,
    "Chivas": -0.3100738591339353,
    "Cruz Azul": -0.07671976730154599,
    "FC Juarez": 0.07164269912723173,
    "Leon": 0.1244675933655633,
    "Mazatlan FC": 0.16280429607281569,
    "Monterrey": 0.09110945209743737,
    "Necaxa": 0.15158423096601734,
    "Pachuca": -0.025914596719245737,
    "Puebla": 0.26857341445642036,
    "Pumas": 0.2264144568491137,
    "Queretaro FC": 0.18903870081017193,
    "Santos Laguna": -0.11162833137032924,
    "Tigres": -0.09290889575766983,
    "Tijuana": -0.05501842316314597,
    "Toluca": -0.16209448768758872
  },
  "home_adv": 0.10950373352045674,
  "mu": 1.4774553367229266,
  "mu_local": 4.916093535075653,
  "mu_visita": 4.426409903713893,
  "n_partidos": 727,
  "torneos": [
    "Liga MX Clausura 2026",
    "Liga MX Clausura 2024",
    "Liga MX Apertura 2024",
    "Liga MX Clausura 2025",
    "Liga MX Apertura 2025"
  ],
  "epsilon": 0.003,
  "converged": true,
  "mu_total": 9.6064,
  "_drift_corrected": "2026-06-17"
}