{
  "teams": [
    "Atlas",
    "Atletico de San Luis",
    "CF America",
    "Chivas",
    "Cruz Azul",
    "FC Juarez",
    "Leon",
    "Mazatlan FC",
    "Monterrey",
    "Necaxa",
    "Pachuca",
    "Puebla",
    "Pumas",
    "Queretaro FC",
    "Santos Laguna",
    "Tigres",
    "Tijuana",
    "Toluca"
  ],
  "att": {
    "Atlas": -0.15090288483604405,
    "Atletico de San Luis": -0.22342450076530723,
    "CF America": -0.08407300311700691,
    "Chivas": -0.08231310117235958,
    "Cruz Azul": 0.050497491034431234,
    "FC Juarez": 0.09044911329892795,
    "Leon": 0.10936839254060056,
    "Mazatlan FC": 0.0777460919998348,
    "Monterrey": 0.09260558633219025,
    "Necaxa": 0.061522440177374876,
    "Pachuca": -0.04661626432337069,
    "Puebla": 0.12879341035514302,
    "Pumas": 0.007384625749858828,
    "Queretaro FC": 0.1744727088325629,
    "Santos Laguna": -0.11465019689553177,
    "Tigres": 0.04162003246014713,
    "Tijuana": -0.12133487127739154,
    "Toluca": -0.011145070394059754
  },
  "def": {
    "Atlas": -0.09901788671665257,
    "Atletico de San Luis": -0.2576110259719014,
    "CF America": -0.07171476830084283,
    "Chivas": -0.30172778311411863,
    "Cruz Azul": -0.07735340134636955,
    "FC Juarez": 0.08417039358220581,
    "Leon": 0.15266788811372348,
    "Mazatlan FC": 0.1643053421638589,
    "Monterrey": 0.11635318992754745,
    "Necaxa": 0.18016244007122414,
    "Pachuca": -0.028754588306397832,
    "Puebla": 0.2500304111643978,
    "Pumas": 0.14915998461183114,
    "Queretaro FC": 0.22064521002679405,
    "Santos Laguna": -0.14340550728364015,
    "Tigres": -0.12573709237606634,
    "Tijuana": -0.06859755060473967,
    "Toluca": -0.1435752556408537
  },
  "home_adv": 0.10534869883803312,
  "mu": 1.4675064368537427,
  "mu_local": 4.896995708154506,
  "mu_visita": 4.417739628040057,
  "n_partidos": 699,
  "torneos": [
    "Liga MX Clausura 2026",
    "Liga MX Clausura 2024",
    "Liga MX Apertura 2024",
    "Liga MX Clausura 2025",
    "Liga MX Apertura 2025"
  ],
  "epsilon": 0.003,
  "converged": true
}