{
  "teams": [
    "Atlas",
    "Atletico de San Luis",
    "CF America",
    "Chivas",
    "Cruz Azul",
    "FC Juarez",
    "Leon",
    "Mazatlan FC",
    "Monterrey",
    "Necaxa",
    "Pachuca",
    "Puebla",
    "Pumas",
    "Queretaro FC",
    "Santos Laguna",
    "Tigres",
    "Tijuana",
    "Toluca"
  ],
  "att": {
    "Atlas": -0.15791360159606324,
    "Atletico de San Luis": -0.20705937203184827,
    "CF America": -0.013325131364559312,
    "Chivas": -0.009635499101605913,
    "Cruz Azul": 0.07859210095434255,
    "FC Juarez": 0.07879028665636054,
    "Leon": 0.10627098812590814,
    "Mazatlan FC": 0.04248377221830484,
    "Monterrey": 0.0896417139525866,
    "Necaxa": 0.036856558799683144,
    "Pachuca": -0.05298413348444148,
    "Puebla": 0.09257626406728593,
    "Pumas": -0.0596547986925395,
    "Queretaro FC": 0.19267025650590405,
    "Santos Laguna": -0.11541953561729483,
    "Tigres": 0.017206143250769367,
    "Tijuana": -0.1259210467623458,
    "Toluca": 0.006825034119553164
  },
  "def": {
    "Atlas": -0.09074850204415158,
    "Atletico de San Luis": -0.2429384154853044,
    "CF America": -0.11800501951399917,
    "Chivas": -0.3104463733880225,
    "Cruz Azul": -0.07593689071837832,
    "FC Juarez": 0.07162363997015724,
    "Leon": 0.12566051001221096,
    "Mazatlan FC": 0.16148799799632255,
    "Monterrey": 0.09170118921660605,
    "Necaxa": 0.15136566421736122,
    "Pachuca": -0.02661231414996746,
    "Puebla": 0.26862042535423925,
    "Pumas": 0.22583008751023256,
    "Queretaro FC": 0.18911253228039127,
    "Santos Laguna": -0.11184006708947866,
    "Tigres": -0.09173074211906039,
    "Tijuana": -0.05516377148593156,
    "Toluca": -0.16197995056322703
  },
  "home_adv": 0.1097709990233016,
  "mu": 1.477215270027067,
  "mu_local": 4.916093535075653,
  "mu_visita": 4.426409903713893,
  "n_partidos": 727,
  "torneos": [
    "Liga MX Clausura 2026",
    "Liga MX Clausura 2024",
    "Liga MX Apertura 2024",
    "Liga MX Clausura 2025",
    "Liga MX Apertura 2025"
  ],
  "epsilon": 0.003,
  "converged": true,
  "mu_total": 9.6064,
  "_drift_corrected": "2026-07-02"
}