{
  "teams": [
    "Atlas",
    "Atletico de San Luis",
    "CF America",
    "Chivas",
    "Cruz Azul",
    "FC Juarez",
    "Leon",
    "Mazatlan FC",
    "Monterrey",
    "Necaxa",
    "Pachuca",
    "Puebla",
    "Pumas",
    "Queretaro FC",
    "Santos Laguna",
    "Tigres",
    "Tijuana",
    "Toluca"
  ],
  "att": {
    "Atlas": -0.1546124327937005,
    "Atletico de San Luis": -0.2043426646982606,
    "CF America": -0.011736496801541731,
    "Chivas": -0.005904994860439137,
    "Cruz Azul": 0.07358100571285726,
    "FC Juarez": 0.0804985157640505,
    "Leon": 0.11024134469093742,
    "Mazatlan FC": 0.04059732343630968,
    "Monterrey": 0.09220945698150199,
    "Necaxa": 0.03605100056792225,
    "Pachuca": -0.0524590199852742,
    "Puebla": 0.09349366776584161,
    "Pumas": -0.07812545838612957,
    "Queretaro FC": 0.19313668006608972,
    "Santos Laguna": -0.11461611916121284,
    "Tigres": 0.019957453882499435,
    "Tijuana": -0.12613277218044536,
    "Toluca": 0.008163509998993995
  },
  "def": {
    "Atlas": -0.08842328244166058,
    "Atletico de San Luis": -0.24134388722444158,
    "CF America": -0.1153537117408346,
    "Chivas": -0.3080379138767644,
    "Cruz Azul": -0.09381917286556384,
    "FC Juarez": 0.07240173333781708,
    "Leon": 0.12452223840485271,
    "Mazatlan FC": 0.1657407777972184,
    "Monterrey": 0.09159847116600872,
    "Necaxa": 0.1528526115016237,
    "Pachuca": -0.023828275261369943,
    "Puebla": 0.26971910492774387,
    "Pumas": 0.22211158640010542,
    "Queretaro FC": 0.18982888068784312,
    "Santos Laguna": -0.11024715041186049,
    "Tigres": -0.09302957383688312,
    "Tijuana": -0.05384944946532117,
    "Toluca": -0.16084298709851336
  },
  "home_adv": 0.10821743965884685,
  "mu": 1.4771162117690366,
  "mu_local": 4.913223140495868,
  "mu_visita": 4.422865013774104,
  "n_partidos": 726,
  "torneos": [
    "Liga MX Clausura 2026",
    "Liga MX Clausura 2024",
    "Liga MX Apertura 2024",
    "Liga MX Clausura 2025",
    "Liga MX Apertura 2025"
  ],
  "epsilon": 0.003,
  "converged": true
}