{
  "teams": [
    "Atlas",
    "Atletico de San Luis",
    "CF America",
    "Chivas",
    "Cruz Azul",
    "FC Juarez",
    "Leon",
    "Mazatlan FC",
    "Monterrey",
    "Necaxa",
    "Pachuca",
    "Puebla",
    "Pumas",
    "Queretaro FC",
    "Santos Laguna",
    "Tigres",
    "Tijuana",
    "Toluca"
  ],
  "att": {
    "Atlas": -0.1556862730537117,
    "Atletico de San Luis": -0.19495993453368962,
    "CF America": -0.08254918796470023,
    "Chivas": -0.06493090811488375,
    "Cruz Azul": 0.047416147273349786,
    "FC Juarez": 0.08540906926868573,
    "Leon": 0.12007060419625332,
    "Mazatlan FC": 0.045055759022212094,
    "Monterrey": 0.09096518308792453,
    "Necaxa": 0.03569705597790108,
    "Pachuca": -0.036704069703596014,
    "Puebla": 0.1006950429893522,
    "Pumas": 0.002481759939262954,
    "Queretaro FC": 0.20020691404123309,
    "Santos Laguna": -0.09285474171834131,
    "Tigres": 0.03547338199886127,
    "Tijuana": -0.11738806912065719,
    "Toluca": -0.01839773358545617
  },
  "def": {
    "Atlas": -0.09595487704304868,
    "Atletico de San Luis": -0.23415740858816245,
    "CF America": -0.08521801670820899,
    "Chivas": -0.33851030670076665,
    "Cruz Azul": -0.0820466944705623,
    "FC Juarez": 0.08292234160318411,
    "Leon": 0.128461029725428,
    "Mazatlan FC": 0.17506459052569662,
    "Monterrey": 0.11320942901822374,
    "Necaxa": 0.17018932352888821,
    "Pachuca": -0.020576797327209927,
    "Puebla": 0.27555858813486206,
    "Pumas": 0.16087287573334805,
    "Queretaro FC": 0.19686337837233592,
    "Santos Laguna": -0.11533952313163942,
    "Tigres": -0.14356341518808854,
    "Tijuana": -0.04908219129949579,
    "Toluca": -0.13869232618478405
  },
  "home_adv": 0.10178855559645819,
  "mu": 1.473456394289873,
  "mu_local": 4.89592123769339,
  "mu_visita": 4.423347398030942,
  "n_partidos": 711,
  "torneos": [
    "Liga MX Clausura 2026",
    "Liga MX Clausura 2024",
    "Liga MX Apertura 2024",
    "Liga MX Clausura 2025",
    "Liga MX Apertura 2025"
  ],
  "epsilon": 0.003,
  "converged": true
}