{
  "teams": [
    "Atlas",
    "Atletico de San Luis",
    "CF America",
    "Chivas",
    "Cruz Azul",
    "FC Juarez",
    "Leon",
    "Mazatlan FC",
    "Monterrey",
    "Necaxa",
    "Pachuca",
    "Puebla",
    "Pumas",
    "Queretaro FC",
    "Santos Laguna",
    "Tigres",
    "Tijuana",
    "Toluca"
  ],
  "att": {
    "Atlas": -0.15254501671572385,
    "Atletico de San Luis": -0.20098917274176772,
    "CF America": -0.07623965243228999,
    "Chivas": -0.009858007134689543,
    "Cruz Azul": 0.043228375415569904,
    "FC Juarez": 0.0802021286879856,
    "Leon": 0.11385308989878296,
    "Mazatlan FC": 0.04302171446898507,
    "Monterrey": 0.09599841246663493,
    "Necaxa": 0.037208071632608655,
    "Pachuca": -0.03703083111342742,
    "Puebla": 0.094832912312908,
    "Pumas": -0.020368301685941986,
    "Queretaro FC": 0.19535484594152333,
    "Santos Laguna": -0.11233900751894998,
    "Tigres": 0.023263866638096438,
    "Tijuana": -0.12363862906675109,
    "Toluca": 0.006045200946446743
  },
  "def": {
    "Atlas": -0.08513811794474385,
    "Atletico de San Luis": -0.23946570873558792,
    "CF America": -0.10960746237033579,
    "Chivas": -0.35648075124843304,
    "Cruz Azul": -0.077865949506573,
    "FC Juarez": 0.07609336696655528,
    "Leon": 0.12474920447003536,
    "Mazatlan FC": 0.16947568679658048,
    "Monterrey": 0.0967819493049724,
    "Necaxa": 0.15433422180845197,
    "Pachuca": 0.009036573949108511,
    "Puebla": 0.2721841452778338,
    "Pumas": 0.16396499879154508,
    "Queretaro FC": 0.1913851158535267,
    "Santos Laguna": -0.10743229111821724,
    "Tigres": -0.08921623587348367,
    "Tijuana": -0.0526622606423307,
    "Toluca": -0.14013648577890445
  },
  "home_adv": 0.10879001905159622,
  "mu": 1.4746994748734574,
  "mu_local": 4.909596662030598,
  "mu_visita": 4.418636995827538,
  "n_partidos": 719,
  "torneos": [
    "Liga MX Clausura 2026",
    "Liga MX Clausura 2024",
    "Liga MX Apertura 2024",
    "Liga MX Clausura 2025",
    "Liga MX Apertura 2025"
  ],
  "epsilon": 0.003,
  "converged": true
}