{
  "teams": [
    "Atlas",
    "Atletico de San Luis",
    "CF America",
    "Chivas",
    "Cruz Azul",
    "FC Juarez",
    "Leon",
    "Mazatlan FC",
    "Monterrey",
    "Necaxa",
    "Pachuca",
    "Puebla",
    "Pumas",
    "Queretaro FC",
    "Santos Laguna",
    "Tigres",
    "Tijuana",
    "Toluca"
  ],
  "att": {
    "Atlas": -0.15690779943214325,
    "Atletico de San Luis": -0.20593034343314381,
    "CF America": -0.013832272954627314,
    "Chivas": -0.0087598184339432,
    "Cruz Azul": 0.0787469785910978,
    "FC Juarez": 0.07942663178760251,
    "Leon": 0.108227913170497,
    "Mazatlan FC": 0.03989195916447224,
    "Monterrey": 0.09059518208238428,
    "Necaxa": 0.03561433245559838,
    "Pachuca": -0.05374822442340667,
    "Puebla": 0.09227371051327961,
    "Pumas": -0.0606566206709731,
    "Queretaro FC": 0.1923915020695579,
    "Santos Laguna": -0.11584807055323097,
    "Tigres": 0.01811689387351169,
    "Tijuana": -0.1267237494595055,
    "Toluca": 0.007121795652972426
  },
  "def": {
    "Atlas": -0.09019767511823719,
    "Atletico de San Luis": -0.2426501673930206,
    "CF America": -0.1178025950409746,
    "Chivas": -0.3098888932106066,
    "Cruz Azul": -0.07730262324867986,
    "FC Juarez": 0.07168001218115237,
    "Leon": 0.12354082890995555,
    "Mazatlan FC": 0.16392728367674603,
    "Monterrey": 0.09053218521476979,
    "Necaxa": 0.15169451702146095,
    "Pachuca": -0.02555614191878922,
    "Puebla": 0.26847995431151483,
    "Pumas": 0.22679804028401865,
    "Queretaro FC": 0.1889774365671804,
    "Santos Laguna": -0.11151750532122313,
    "Tigres": -0.09386834312018227,
    "Tijuana": -0.054940809558403525,
    "Toluca": -0.16190550423668165
  },
  "home_adv": 0.10940844035879332,
  "mu": 1.4775749620605978,
  "mu_local": 4.916093535075653,
  "mu_visita": 4.426409903713893,
  "n_partidos": 727,
  "torneos": [
    "Liga MX Clausura 2026",
    "Liga MX Clausura 2024",
    "Liga MX Apertura 2024",
    "Liga MX Clausura 2025",
    "Liga MX Apertura 2025"
  ],
  "epsilon": 0.003,
  "converged": true,
  "mu_total": 9.6064,
  "_drift_corrected": "2026-06-01"
}