{
  "teams": [
    "Atlas",
    "Atletico de San Luis",
    "CF America",
    "Chivas",
    "Cruz Azul",
    "FC Juarez",
    "Leon",
    "Mazatlan FC",
    "Monterrey",
    "Necaxa",
    "Pachuca",
    "Puebla",
    "Pumas",
    "Queretaro FC",
    "Santos Laguna",
    "Tigres",
    "Tijuana",
    "Toluca"
  ],
  "att": {
    "Atlas": -0.1576116227080722,
    "Atletico de San Luis": -0.20682043875846454,
    "CF America": -0.013384129609842404,
    "Chivas": -0.009478205576111995,
    "Cruz Azul": 0.07866674196402335,
    "FC Juarez": 0.0789542479321464,
    "Leon": 0.1068122618324926,
    "Mazatlan FC": 0.04179087341919211,
    "Monterrey": 0.0899075005290076,
    "Necaxa": 0.03656862791112135,
    "Pachuca": -0.0532626821308939,
    "Puebla": 0.09254500477052034,
    "Pumas": -0.059890753069112984,
    "Queretaro FC": 0.1925822060740818,
    "Santos Laguna": -0.11555883410550163,
    "Tigres": 0.017430660442531457,
    "Tijuana": -0.12616820075519103,
    "Toluca": 0.006916741838073645
  },
  "def": {
    "Atlas": -0.0907062887677,
    "Atletico de San Luis": -0.24285949423208839,
    "CF America": -0.117956864860238,
    "Chivas": -0.31025484219452754,
    "Cruz Azul": -0.07634776301716287,
    "FC Juarez": 0.07162354480761489,
    "Leon": 0.12506340590833176,
    "Mazatlan FC": 0.16213643874727557,
    "Monterrey": 0.09137117665272995,
    "Necaxa": 0.15152472139869885,
    "Pachuca": -0.026248606221631464,
    "Puebla": 0.2685793278854724,
    "Pumas": 0.22614335363987614,
    "Queretaro FC": 0.18908803347222078,
    "Santos Laguna": -0.1117109234987478,
    "Tigres": -0.09232743804983162,
    "Tijuana": -0.055069679213489896,
    "Toluca": -0.16204810245680273
  },
  "home_adv": 0.10962339773273108,
  "mu": 1.4773402263303783,
  "mu_local": 4.916093535075653,
  "mu_visita": 4.426409903713893,
  "n_partidos": 727,
  "torneos": [
    "Liga MX Clausura 2026",
    "Liga MX Clausura 2024",
    "Liga MX Apertura 2024",
    "Liga MX Clausura 2025",
    "Liga MX Apertura 2025"
  ],
  "epsilon": 0.003,
  "converged": true,
  "mu_total": 9.6064,
  "_drift_corrected": "2026-06-25"
}