{
  "teams": [
    "Atlas",
    "Atletico de San Luis",
    "CF America",
    "Chivas",
    "Cruz Azul",
    "FC Juarez",
    "Leon",
    "Mazatlan FC",
    "Monterrey",
    "Necaxa",
    "Pachuca",
    "Puebla",
    "Pumas",
    "Queretaro FC",
    "Santos Laguna",
    "Tigres",
    "Tijuana",
    "Toluca"
  ],
  "att": {
    "Atlas": -0.1633630027946526,
    "Atletico de San Luis": -0.22691681509325015,
    "CF America": -0.07895762043730119,
    "Chivas": -0.08517953348933877,
    "Cruz Azul": 0.040892756360711394,
    "FC Juarez": 0.11939896665160744,
    "Leon": 0.07772847185232967,
    "Mazatlan FC": 0.07450105310772957,
    "Monterrey": 0.11558403771846415,
    "Necaxa": 0.059512969631718024,
    "Pachuca": -0.04622554901022475,
    "Puebla": 0.13849591540292303,
    "Pumas": 0.008249055214696873,
    "Queretaro FC": 0.19509752827787416,
    "Santos Laguna": -0.12726092413487508,
    "Tigres": 0.03740619417338727,
    "Tijuana": -0.1240175583277727,
    "Toluca": -0.014945945104026356
  },
  "def": {
    "Atlas": -0.11205626740513251,
    "Atletico de San Luis": -0.25911911695797946,
    "CF America": -0.10535095598383394,
    "Chivas": -0.3036835897417594,
    "Cruz Azul": -0.055791672482016094,
    "FC Juarez": 0.0843138585699119,
    "Leon": 0.15964582284175055,
    "Mazatlan FC": 0.16164717298466857,
    "Monterrey": 0.12440272942423033,
    "Necaxa": 0.17662069826684298,
    "Pachuca": -0.030594166621252535,
    "Puebla": 0.27446834064096576,
    "Pumas": 0.1760469405763761,
    "Queretaro FC": 0.21197465640984334,
    "Santos Laguna": -0.15235428535047882,
    "Tigres": -0.1287898898966815,
    "Tijuana": -0.0709230153711199,
    "Toluca": -0.15045725990433548
  },
  "home_adv": 0.10225038857534301,
  "mu": 1.4707222708684673,
  "mu_local": 4.8976945244956775,
  "mu_visita": 4.422190201729107,
  "n_partidos": 694,
  "torneos": [
    "Liga MX Clausura 2026",
    "Liga MX Clausura 2024",
    "Liga MX Apertura 2024",
    "Liga MX Clausura 2025",
    "Liga MX Apertura 2025"
  ],
  "epsilon": 0.003,
  "converged": true
}