{
  "teams": [
    "Atlas",
    "Atletico de San Luis",
    "CF America",
    "Chivas",
    "Cruz Azul",
    "FC Juarez",
    "Leon",
    "Mazatlan FC",
    "Monterrey",
    "Necaxa",
    "Pachuca",
    "Puebla",
    "Pumas",
    "Queretaro FC",
    "Santos Laguna",
    "Tigres",
    "Tijuana",
    "Toluca"
  ],
  "att": {
    "Atlas": -0.15815536273624556,
    "Atletico de San Luis": -0.2073226014361761,
    "CF America": -0.013318747316391785,
    "Chivas": -0.009822303361398391,
    "Cruz Azul": 0.07849864275757618,
    "FC Juarez": 0.07859887838180318,
    "Leon": 0.10570634813371034,
    "Mazatlan FC": 0.04318789533598243,
    "Monterrey": 0.08943808618478802,
    "Necaxa": 0.037129800479908825,
    "Pachuca": -0.052693785057682144,
    "Puebla": 0.09265174166509106,
    "Pumas": -0.05927515928770078,
    "Queretaro FC": 0.19277460515054956,
    "Santos Laguna": -0.11527310117843485,
    "Tigres": 0.01687229219061732,
    "Tijuana": -0.12567109088052886,
    "Toluca": 0.006673860974531455
  },
  "def": {
    "Atlas": -0.09083767308924788,
    "Atletico de San Luis": -0.24291039717246743,
    "CF America": -0.11808604609744544,
    "Chivas": -0.3105657245152964,
    "Cruz Azul": -0.07552005007495474,
    "FC Juarez": 0.0716307265567091,
    "Leon": 0.12624013603099227,
    "Mazatlan FC": 0.1608631533665399,
    "Monterrey": 0.09204457754811077,
    "Necaxa": 0.15116251774633432,
    "Pachuca": -0.0270049723432393,
    "Puebla": 0.26858126330497695,
    "Pumas": 0.22541966511859157,
    "Queretaro FC": 0.18913027245747832,
    "Santos Laguna": -0.11200841777147924,
    "Tigres": -0.09109874338330991,
    "Tijuana": -0.0552841082758287,
    "Toluca": -0.16175617940646425
  },
  "home_adv": 0.10985577378284124,
  "mu": 1.4771452202022402,
  "mu_local": 4.916093535075653,
  "mu_visita": 4.426409903713893,
  "n_partidos": 727,
  "torneos": [
    "Liga MX Clausura 2026",
    "Liga MX Clausura 2024",
    "Liga MX Apertura 2024",
    "Liga MX Clausura 2025",
    "Liga MX Apertura 2025"
  ],
  "epsilon": 0.003,
  "converged": true,
  "mu_total": 9.6064,
  "_drift_corrected": "2026-07-11"
}