{
  "teams": [
    "Atlas",
    "Atletico de San Luis",
    "CF America",
    "Chivas",
    "Cruz Azul",
    "FC Juarez",
    "Leon",
    "Mazatlan FC",
    "Monterrey",
    "Necaxa",
    "Pachuca",
    "Puebla",
    "Pumas",
    "Queretaro FC",
    "Santos Laguna",
    "Tigres",
    "Tijuana",
    "Toluca"
  ],
  "att": {
    "Atlas": -0.32816151967926754,
    "Atletico de San Luis": -0.18204632713865726,
    "CF America": -0.06347207593247287,
    "Chivas": 0.1655521831677943,
    "Cruz Azul": 0.21435351530578586,
    "FC Juarez": 0.08608365553992406,
    "Leon": 0.09264166523738114,
    "Mazatlan FC": -0.16208490200793724,
    "Monterrey": 0.12063885969219819,
    "Necaxa": 0.02345301890479324,
    "Pachuca": 0.021733026535301566,
    "Puebla": 0.04569152671271466,
    "Pumas": -0.25818830008223215,
    "Queretaro FC": 0.13827536575872365,
    "Santos Laguna": -0.06587782893931232,
    "Tigres": 0.14048409388476335,
    "Tijuana": -0.229349340965968,
    "Toluca": 0.2402733840064673
  },
  "def": {
    "Atlas": 0.03637222005306189,
    "Atletico de San Luis": -0.3390804617445136,
    "CF America": -0.17871066493977444,
    "Chivas": -0.609195732247763,
    "Cruz Azul": -0.14731735504296534,
    "FC Juarez": 0.13640571942016164,
    "Leon": 0.19174595673895725,
    "Mazatlan FC": 0.3387863279954868,
    "Monterrey": 0.19591846433955806,
    "Necaxa": 0.20805200857782666,
    "Pachuca": -0.10440698914836483,
    "Puebla": 0.3799250598230483,
    "Pumas": 0.35506136904604607,
    "Queretaro FC": 0.24228258728822685,
    "Santos Laguna": -0.19533131917853386,
    "Tigres": -0.1898651918194089,
    "Tijuana": 0.08575248294368112,
    "Toluca": -0.4063944821047308
  },
  "home_adv": 0.14571279132503484,
  "mu": 1.4227243738628839,
  "mu_local": 4.904761904761905,
  "mu_visita": 4.412698412698413,
  "n_partidos": 126,
  "torneos": [
    "Liga MX Clausura 2026"
  ],
  "epsilon": 0.003,
  "converged": true
}