{
  "teams": [
    "Atlas",
    "Atletico de San Luis",
    "CF America",
    "Chivas",
    "Cruz Azul",
    "FC Juarez",
    "Leon",
    "Mazatlan FC",
    "Monterrey",
    "Necaxa",
    "Pachuca",
    "Puebla",
    "Pumas",
    "Queretaro FC",
    "Santos Laguna",
    "Tigres",
    "Tijuana",
    "Toluca"
  ],
  "att": {
    "Atlas": -0.1576075943382315,
    "Atletico de San Luis": -0.20635673878687025,
    "CF America": -0.01564943785291206,
    "Chivas": -0.009256440329973706,
    "Cruz Azul": 0.06992967824847492,
    "FC Juarez": 0.07868573381124139,
    "Leon": 0.10794323090560258,
    "Mazatlan FC": 0.037672051752032094,
    "Monterrey": 0.0902976542230012,
    "Necaxa": 0.03380387925800849,
    "Pachuca": -0.038968635096574306,
    "Puebla": 0.0909835936806608,
    "Pumas": -0.05080620385377215,
    "Queretaro FC": 0.19128123763583593,
    "Santos Laguna": -0.11701518214223229,
    "Tigres": 0.01747107863042431,
    "Tijuana": -0.12786006610015188,
    "Toluca": 0.005452160355436445
  },
  "def": {
    "Atlas": -0.09017436871667073,
    "Atletico de San Luis": -0.2436173685626714,
    "CF America": -0.11913367006879345,
    "Chivas": -0.3097167064133933,
    "Cruz Azul": -0.0788368903598539,
    "FC Juarez": 0.07100477298023673,
    "Leon": 0.12192771816684134,
    "Mazatlan FC": 0.16396807509477107,
    "Monterrey": 0.08955333652769291,
    "Necaxa": 0.15060830498770675,
    "Pachuca": -0.015355666970020835,
    "Puebla": 0.2673562935563081,
    "Pumas": 0.23086906551799893,
    "Queretaro FC": 0.18775723585520243,
    "Santos Laguna": -0.11251223506758248,
    "Tigres": -0.09474836534550755,
    "Tijuana": -0.0555174433326449,
    "Toluca": -0.16343208784961968
  },
  "home_adv": 0.10498497275203539,
  "mu": 1.4809036624088814,
  "mu_local": 4.912983425414365,
  "mu_visita": 4.429558011049724,
  "n_partidos": 724,
  "torneos": [
    "Liga MX Clausura 2026",
    "Liga MX Clausura 2024",
    "Liga MX Apertura 2024",
    "Liga MX Clausura 2025",
    "Liga MX Apertura 2025"
  ],
  "epsilon": 0.003,
  "converged": true
}