{
  "Scotland": 1784.664564600722,
  "England": 2011.8131519587282,
  "Wales": 1721.2647084660912,
  "Northern Ireland": 1622.6492915339088,
  "United States": 1806.738549455646,
  "Canada": 1865.289817651755,
  "Uruguay": 1923.409197567448,
  "Argentina": 2136.669429325603,
  "Austria": 1858.7822907462566,
  "Hungary": 1729.7441040698973,
  "Czechoslovakia": 1776.5141,
  "Belgium": 1940.876941298798,
  "France": 2092.8937,
  "Switzerland": 1903.7532919291036,
  "Guernsey": 1718.8916,
  "Alderney": 1117.7855,
  "Jersey": 1757.7404,
  "Netherlands": 1989.5686430418575,
  "Guyana": 1474.0664,
  "Trinidad and Tobago": 1552.1457905187694,
  "Germany": 1944.513695598257,
  "Sweden": 1748.55076262599,
  "Norway": 1899.9669195489257,
  "Denmark": 1868.268440300041,
  "Italy": 1896.6866180916693,
  "Chile": 1761.9048985529091,
  "Russia": 1813.4945,
  "Finland": 1573.0903991200612,
  "Luxembourg": 1445.2965163886524,
  "Catalonia": 1636.681,
  "Philippines": 1342.5309626154085,
  "China PR": 1524.2552,
  "Brazil": 2053.747371885179,
  "Basque Country": 1760.3349,
  "Japan": 1944.2033561819705,
  "Paraguay": 1819.210045846209,
  "Romania": 1658.4599021641388,
  "Greece": 1775.1947959301026,
  "Egypt": 1756.2885222477307,
  "Spain": 2097.552661038152,
  "Yugoslavia": 1827.334,
  "Estonia": 1411.0894399993251,
  "Suriname": 1568.0757,
  "Provence": 1441.5023,
  "Costa Rica": 1716.7401342634753,
  "El Salvador": 1482.3582683470693,
  "Guatemala": 1619.557748306392,
  "Portugal": 1995.1545505443542,
  "Poland": 1748.047612589045,
  "Brittany": 1505.4183,
  "New Zealand": 1683.108671050845,
  "Australia": 1853.2452953662032,
  "Latvia": 1353.8705232750372,
  "Galicia": 1525.1837,
  "Central Spain": 1495.3172,
  "Mexico": 1936.2541449844218,
  "Andalusia": 1584.5474,
  "Asturias": 1520.5298,
  "Lithuania": 1336.894,
  "Turkey": 1820.8977375843945,
  "Aruba": 1229.7107789611225,
  "Curaçao": 1581.3323093066983,
  "Bulgaria": 1494.7608606928288,
  "Republic of Ireland": 1698.7614323740854,
  "South Africa": 1630.0061119858367,
  "Haiti": 1674.846260508872,
  "Jamaica": 1648.481693555336,
  "Kenya": 1477.7985426946382,
  "Uganda": 1506.9757,
  "Bolivia": 1644.71305345103,
  "Peru": 1761.4050478362208,
  "Honduras": 1669.8712940235775,
  "Belarus": 1536.1968,
  "Ukraine": 1853.1934188047449,
  "Barbados": 1199.0022,
  "Nicaragua": 1502.7547991265521,
  "Cuba": 1429.8156,
  "Martinique": 1507.2348,
  "Dominica": 1218.4787,
  "Silesia": 1503.1661,
  "Guadeloupe": 1526.6114,
  "Israel": 1646.8562,
  "Indonesia": 1471.4829400687183,
  "French Guiana": 1432.7289,
  "Saint Lucia": 1267.2636,
  "Colombia": 2025.9530297634235,
  "Panama": 1779.5424151903553,
  "Venezuela": 1768.879701594779,
  "Ecuador": 1939.2545824306117,
  "Saint Kitts and Nevis": 1321.6816050135353,
  "Grenada": 1317.5837293831664,
  "India": 1295.8069055350315,
  "Slovakia": 1723.4573232109099,
  "Manchukuo": 1437.5884,
  "Croatia": 1925.1191935602715,
  "Lebanon": 1441.3034,
  "Puerto Rico": 1384.594,
  "Afghanistan": 1259.7325593744404,
  "Iran": 1846.9955394785138,
  "Mongolia": 1067.1210541769478,
  "Tanzania": 1455.4272,
  "Zimbabwe": 1468.7487920731564,
  "Zambia": 1543.6904958385976,
  "Iceland": 1596.8882394839898,
  "Albania": 1659.3202431955583,
  "Montenegro": 1518.0977294661946,
  "Madagascar": 1472.7302,
  "Mauritius": 1224.1136,
  "Réunion": 1568.96,
  "Zanzibar": 1531.3069,
  "Djibouti": 1102.9172,
  "Ethiopia": 1390.793,
  "DR Congo": 1696.8874257029113,
  "South Korea": 1861.3781124122115,
  "Vietnam": 1486.0865746740133,
  "Macau": 952.3964,
  "Dominican Republic": 1487.1915691043932,
  "Cyprus": 1364.8912881109036,
  "Sierra Leone": 1454.34953499724,
  "Nigeria": 1773.1663163842618,
  "Syria": 1586.157469728776,
  "Serbia": 1761.1979554600578,
  "Taiwan": 1114.7247117167226,
  "Ghana": 1620.4456588544751,
  "Myanmar": 1158.806125875924,
  "New Caledonia": 1592.4943,
  "Vanuatu": 1441.4434,
  "Fiji": 1468.7657,
  "Pakistan": 1053.6279898334724,
  "Sri Lanka": 1081.3694882832774,
  "German DR": 1716.407,
  "Tahiti": 1510.9208,
  "Gambia": 1511.4166653329728,
  "Hong Kong": 1313.3533023918121,
  "Singapore": 1306.7145859955822,
  "Malaysia": 1449.1217253259867,
  "Guinea-Bissau": 1378.0227,
  "Saarland": 1446.4911,
  "Burundi": 1408.7246,
  "Cameroon": 1698.1987136176447,
  "Kernow": 1587.0433,
  "Cambodia": 1098.8137504715025,
  "Thailand": 1538.7484933046123,
  "Vietnam Republic": 1381.6436,
  "Kyrgyzstan": 1450.1068,
  "Moldova": 1320.7434793700904,
  "North Vietnam": 1470.2571,
  "Togo": 1453.9689,
  "North Korea": 1493.8469,
  "Sudan": 1465.2688,
  "Malta": 1304.7826582362989,
  "Tunisia": 1710.2567510199679,
  "Libya": 1526.7176209391964,
  "Malawi": 1448.0683,
  "Morocco": 1909.8639039270283,
  "Benin": 1529.1332209420245,
  "Cape Verde": 1678.0032968638877,
  "Ivory Coast": 1742.2376414044672,
  "Burkina Faso": 1659.7211,
  "Gabon": 1534.9442163983545,
  "Congo": 1352.5289,
  "Mali": 1702.5939,
  "Central African Republic": 1385.1978,
  "Iraq": 1686.557399909488,
  "Saint Vincent and the Grenadines": 1402.5112,
  "Senegal": 1862.4133754975285,
  "Laos": 1011.3883469419451,
  "Liberia": 1415.3049790608036,
  "Chad": 1269.7398,
  "Niger": 1469.5209,
  "Mauritania": 1439.0366,
  "Guinea": 1577.0831790579755,
  "Algeria": 1845.5757991736998,
  "Kuwait": 1455.1737,
  "Jordan": 1686.367510614851,
  "Papua New Guinea": 1454.1978,
  "Solomon Islands": 1435.8557949864646,
  "Somalia": 1099.1595,
  "Saudi Arabia": 1669.0458230033037,
  "Bermuda": 1332.7416,
  "Palestine": 1553.3707,
  "Bahrain": 1530.9612,
  "Yemen": 1309.8916,
  "Oman": 1582.6613,
  "Wallis Islands and Futuna": 1345.0595,
  "Corsica": 1546.2418,
  "Western Australia": 1423.3357,
  "Eswatini": 1327.9872,
  "Botswana": 1414.3052,
  "Qatar": 1564.2037,
  "Lesotho": 1393.8134279221954,
  "Bahamas": 1085.8013,
  "Brunei": 954.6352683452744,
  "Cook Islands": 1239.328,
  "Yemen DPR": 1380.3858,
  "United Arab Emirates": 1636.0043,
  "Faroe Islands": 1388.7769,
  "Nepal": 1142.6397530580548,
  "Antigua and Barbuda": 1163.5281620543667,
  "Bangladesh": 1149.0099897200846,
  "Seychelles": 1072.4355,
  "Equatorial Guinea": 1445.5457,
  "Mozambique": 1468.590036498462,
  "Guam": 1069.7159,
  "Angola": 1564.1963,
  "São Tomé and Príncipe": 1213.0592,
  "Rwanda": 1434.5204600006748,
  "Northern Cyprus": 1651.0858,
  "Armenia": 1436.7483,
  "Georgia": 1670.1989,
  "Azerbaijan": 1404.89616500276,
  "Kazakhstan": 1465.045489697464,
  "Comoros": 1457.2809103025359,
  "Maldives": 1106.8797162858798,
  "Tonga": 1172.5114,
  "Kiribati": 1338.8726,
  "Tuvalu": 1295.9902,
  "Samoa": 1294.7391,
  "Greenland": 1453.2012,
  "Liechtenstein": 1018.4671325190059,
  "Bhutan": 935.901181183223,
  "South Yemen": 1475.2798,
  "Niue": 1463.4517,
  "American Samoa": 1116.0603,
  "Belize": 1339.2177,
  "Cayman Islands": 1112.8510657365248,
  "Anguilla": 975.4770624882833,
  "British Virgin Islands": 1058.3648,
  "Palau": 1439.9998,
  "Sint Maarten": 1328.2329,
  "Namibia": 1452.9159,
  "Ynys Môn": 1608.8714,
  "Shetland": 1487.2591,
  "Åland Islands": 1481.7682,
  "Saint Martin": 1316.5018,
  "San Marino": 951.5488316117666,
  "Montserrat": 1254.9546,
  "Slovenia": 1718.758733273796,
  "Isle of Wight": 1617.6551,
  "Turkmenistan": 1384.2384060834727,
  "Tajikistan": 1440.6956216751953,
  "Uzbekistan": 1753.4000430224403,
  "Eritrea": 1245.4975,
  "Gibraltar": 1158.9802767249628,
  "Isle of Man": 1662.4519,
  "North Macedonia": 1609.2220730625415,
  "Czech Republic": 1779.4910078210708,
  "Bosnia and Herzegovina": 1614.2800819083307,
  "Canary Islands": 1510.3163,
  "Andorra": 1143.760335819795,
  "Hitra": 1383.4043,
  "Frøya": 1276.1569,
  "United States Virgin Islands": 1005.2505,
  "Northern Mariana Islands": 1114.538,
  "Turks and Caicos Islands": 1072.2698,
  "Micronesia": 1398.0133,
  "Gotland": 1456.6825,
  "Saare County": 1357.6719,
  "Rhodes": 1562.5465,
  "Monaco": 1462.7944,
  "Tibet": 1331.1541,
  "Falkland Islands": 1280.4593,