{
  "Scotland": 1764.0062585955327,
  "England": 2011.8131519587282,
  "Wales": 1721.2647084660912,
  "Northern Ireland": 1622.6492915339088,
  "United States": 1806.738549455646,
  "Canada": 1849.9854954140694,
  "Uruguay": 1923.409197567448,
  "Argentina": 2125.312004161402,
  "Austria": 1846.719196887655,
  "Hungary": 1729.7441040698973,
  "Czechoslovakia": 1776.5141,
  "Belgium": 1906.36511848361,
  "France": 2092.8937,
  "Switzerland": 1892.2828329498948,
  "Guernsey": 1718.8916,
  "Alderney": 1117.7855,
  "Jersey": 1757.7404,
  "Netherlands": 1989.5686430418575,
  "Guyana": 1474.0664,
  "Trinidad and Tobago": 1559.5876836016455,
  "Germany": 1939.5049411455248,
  "Sweden": 1736.961925410652,
  "Norway": 1871.103567050105,
  "Denmark": 1868.268440300041,
  "Italy": 1896.6866180916693,
  "Chile": 1761.9048985529091,
  "Russia": 1813.4945,
  "Finland": 1578.0991535727935,
  "Luxembourg": 1445.2965163886524,
  "Catalonia": 1636.681,
  "Philippines": 1329.5668783248047,
  "China PR": 1524.2552,
  "Brazil": 2040.9814453141062,
  "Basque Country": 1760.3349,
  "Japan": 1929.527448041272,
  "Paraguay": 1836.6087960729717,
  "Romania": 1658.4599021641388,
  "Greece": 1775.1947959301026,
  "Egypt": 1739.0731941935549,
  "Spain": 2103.356805806445,
  "Yugoslavia": 1827.334,
  "Estonia": 1411.0894399993251,
  "Suriname": 1568.0757,
  "Provence": 1441.5023,
  "Costa Rica": 1716.7401342634753,
  "El Salvador": 1485.8775,
  "Guatemala": 1631.0226,
  "Portugal": 1995.1545505443542,
  "Poland": 1763.318174589348,
  "Brittany": 1505.4183,
  "New Zealand": 1720.036601447091,
  "Australia": 1846.9413906933016,
  "Latvia": 1353.8705232750372,
  "Galicia": 1525.1837,
  "Central Spain": 1495.3172,
  "Mexico": 1892.5859005829293,
  "Andalusia": 1584.5474,
  "Asturias": 1520.5298,
  "Lithuania": 1336.894,
  "Turkey": 1860.5549039268328,
  "Aruba": 1229.7107789611225,
  "Curaçao": 1581.3323093066983,
  "Bulgaria": 1512.1468234328195,
  "Republic of Ireland": 1698.7614323740854,
  "South Africa": 1634.6823111123888,
  "Haiti": 1682.080033309312,
  "Jamaica": 1664.085309939598,
  "Kenya": 1480.9775706168336,
  "Uganda": 1506.9757,
  "Bolivia": 1656.8935383437463,
  "Peru": 1751.5813106935334,
  "Honduras": 1672.5332893064665,
  "Belarus": 1536.1968,
  "Ukraine": 1837.9228568044418,
  "Barbados": 1199.0022,
  "Nicaragua": 1498.0786,
  "Cuba": 1429.8156,
  "Martinique": 1507.2348,
  "Dominica": 1218.4787,
  "Silesia": 1503.1661,
  "Guadeloupe": 1526.6114,
  "Israel": 1646.8562,
  "Indonesia": 1453.0058765671804,
  "French Guiana": 1432.7289,
  "Saint Lucia": 1267.2636,
  "Colombia": 2014.0338,
  "Panama": 1781.3494099264885,
  "Venezuela": 1752.2277072795748,
  "Ecuador": 1944.1863569581426,
  "Saint Kitts and Nevis": 1321.6816050135353,
  "Grenada": 1317.5837293831664,
  "India": 1305.6620976081879,
  "Slovakia": 1720.5981978358611,
  "Manchukuo": 1437.5884,
  "Croatia": 1946.725154685894,
  "Lebanon": 1441.3034,
  "Puerto Rico": 1384.594,
  "Afghanistan": 1248.9767302712241,
  "Iran": 1847.2768,
  "Mongolia": 1076.6234,
  "Tanzania": 1455.4272,
  "Zimbabwe": 1458.8936,
  "Zambia": 1543.6904958385976,
  "Iceland": 1603.2736042024046,
  "Albania": 1659.3202431955583,
  "Montenegro": 1500.711766726204,
  "Madagascar": 1472.7302,
  "Mauritius": 1224.1136,
  "Réunion": 1568.96,
  "Zanzibar": 1531.3069,
  "Djibouti": 1102.9172,
  "Ethiopia": 1390.793,
  "DR Congo": 1701.4964280060353,
  "South Korea": 1851.543203112345,
  "Vietnam": 1486.0865746740133,
  "Macau": 952.3964,
  "Dominican Republic": 1493.6519,
  "Cyprus": 1360.0163206299096,
  "Sierra Leone": 1454.34953499724,
  "Nigeria": 1757.5627,
  "Syria": 1586.157469728776,
  "Serbia": 1806.352146643345,
  "Taiwan": 1114.7247117167226,
  "Ghana": 1620.4456588544751,
  "Myanmar": 1171.7702101665277,
  "New Caledonia": 1592.4943,
  "Vanuatu": 1441.4434,
  "Fiji": 1468.7657,
  "Pakistan": 1053.6279898334724,
  "Sri Lanka": 1081.3694882832774,
  "German DR": 1716.407,
  "Tahiti": 1510.9208,
  "Gambia": 1516.4365506169713,
  "Hong Kong": 1313.3533023918121,
  "Singapore": 1306.1473102799155,
  "Malaysia": 1449.1217253259867,
  "Guinea-Bissau": 1378.0227,
  "Saarland": 1446.4911,
  "Burundi": 1408.7246,
  "Cameroon": 1698.1987136176447,
  "Kernow": 1587.0433,
  "Cambodia": 1084.5723,
  "Thailand": 1540.1352939165274,
  "Vietnam Republic": 1381.6436,
  "Kyrgyzstan": 1450.1068,
  "Moldova": 1320.7434793700904,
  "North Vietnam": 1470.2571,
  "Togo": 1453.9689,
  "North Korea": 1493.8469,
  "Sudan": 1465.2688,
  "Malta": 1307.6417836113476,
  "Tunisia": 1757.2029045859306,
  "Libya": 1526.7176209391964,
  "Malawi": 1448.0683,
  "Morocco": 1909.8639039270283,
  "Benin": 1529.1332209420245,
  "Cape Verde": 1636.5795464272067,
  "Ivory Coast": 1742.2376414044672,
  "Burkina Faso": 1659.7211,
  "Gabon": 1534.9442163983545,
  "Congo": 1352.5289,
  "Mali": 1702.5939,
  "Central African Republic": 1385.1978,
  "Iraq": 1701.8976616562536,
  "Saint Vincent and the Grenadines": 1402.5112,
  "Senegal": 1909.7941493830288,
  "Laos": 1011.3883469419451,
  "Liberia": 1415.3049790608036,
  "Chad": 1269.7398,
  "Niger": 1469.5209,
  "Mauritania": 1439.0366,
  "Guinea": 1577.0831790579755,
  "Algeria": 1829.703902432552,
  "Kuwait": 1455.1737,
  "Jordan": 1720.3668,
  "Papua New Guinea": 1454.1978,
  "Solomon Islands": 1435.8557949864646,
  "Somalia": 1099.1595,
  "Saudi Arabia": 1674.940453356655,
  "Bermuda": 1332.7416,
  "Palestine": 1553.3707,
  "Bahrain": 1530.9612,
  "Yemen": 1309.8916,
  "Oman": 1582.6613,
  "Wallis Islands and Futuna": 1345.0595,
  "Corsica": 1546.2418,
  "Western Australia": 1423.3357,
  "Eswatini": 1327.9872,
  "Botswana": 1414.3052,
  "Qatar": 1564.2037,
  "Lesotho": 1390.6344,
  "Bahamas": 1085.8013,
  "Brunei": 954.6352683452744,
  "Cook Islands": 1239.328,
  "Yemen DPR": 1380.3858,
  "United Arab Emirates": 1636.0043,
  "Faroe Islands": 1388.7769,
  "Nepal": 1142.6397530580548,
  "Antigua and Barbuda": 1163.5281620543667,
  "Bangladesh": 1149.0099897200846,
  "Seychelles": 1072.4355,
  "Equatorial Guinea": 1445.5457,
  "Mozambique": 1487.0671,
  "Guam": 1069.7159,
  "Angola": 1564.1963,
  "São Tomé and Príncipe": 1213.0592,
  "Rwanda": 1434.5204600006748,
  "Northern Cyprus": 1651.0858,
  "Armenia": 1436.7483,
  "Georgia": 1670.1989,
  "Azerbaijan": 1404.89616500276,
  "Kazakhstan": 1465.045489697464,
  "Comoros": 1457.2809103025359,
  "Maldives": 1117.635545389096,
  "Tonga": 1172.5114,
  "Kiribati": 1338.8726,
  "Tuvalu": 1295.9902,
  "Samoa": 1294.7391,
  "Greenland": 1453.2012,
  "Liechtenstein": 1023.3421,
  "Bhutan": 950.1426316547256,
  "South Yemen": 1475.2798,
  "Niue": 1463.4517,
  "American Samoa": 1116.0603,
  "Belize": 1339.2177,
  "Cayman Islands": 1112.8510657365248,
  "Anguilla": 975.4770624882833,
  "British Virgin Islands": 1058.3648,
  "Palau": 1439.9998,
  "Sint Maarten": 1328.2329,
  "Namibia": 1452.9159,
  "Ynys Môn": 1608.8714,
  "Shetland": 1487.2591,
  "Åland Islands": 1481.7682,
  "Saint Martin": 1316.5018,
  "San Marino": 951.5488316117666,
  "Montserrat": 1254.9546,
  "Slovenia": 1718.758733273796,
  "Isle of Wight": 1617.6551,
  "Turkmenistan": 1384.2384060834727,
  "Tajikistan": 1440.6956216751953,
  "Uzbekistan": 1776.0145927204253,
  "Eritrea": 1245.4975,
  "Gibraltar": 1158.9802767249628,
  "Isle of Man": 1662.4519,
  "North Macedonia": 1613.1550676259144,
  "Czech Republic": 1768.973059699959,
  "Bosnia and Herzegovina": 1614.2800819083307,
  "Canary Islands": 1510.3163,
  "Andorra": 1145.0720683882334,
  "Hitra": 1383.4043,
  "Frøya": 1276.1569,
  "United States Virgin Islands": 1005.2505,
  "Northern Mariana Islands": 1114.538,
  "Turks and Caicos Islands": 1072.2698,
  "Micronesia": 1398.0133,
  "Gotland": 1456.6825,
  "Saare County": 1357.6719,
  "Rhodes": 1562.5465,
  "Monaco": 1462.7944,
  "Tibet": 1331.1541,
  "Falkland Islands": 1280.4593,
  "Orkney": 1416.0762,
  "Mayotte": 1450.6587,
  "Vatican City": 1424.3454,
  "Timor-Leste": 974.3979546109039,
  "Sark": 1414.0,