{
  "mu": 5.126984126984127,
  "n_partidos": 126,
  "card_rate": {
    "Toluca": 2.642857142857143,
    "Necaxa": 2.642857142857143,
    "Atletico de San Luis": 2.357142857142857,
    "Santos Laguna": 3.642857142857143,
    "Tigres": 2.9285714285714284,
    "Queretaro FC": 3.0,
    "CF America": 1.8571428571428572,
    "Monterrey": 1.5,
    "Leon": 2.4285714285714284,
    "Tijuana": 2.857142857142857,
    "Chivas": 2.5714285714285716,
    "Cruz Azul": 2.4285714285714284,
    "FC Juarez": 2.4285714285714284,
    "Pumas": 2.5,
    "Mazatlan FC": 2.2142857142857144,
    "Atlas": 2.5714285714285716,
    "Puebla": 3.0,
    "Pachuca": 2.5714285714285716
  },
  "rivalidades": {}
}